{
  "users": [
    {
      "id": "1",
      "name": "pepe",
      "password": "123",
      "movies": [
        {
          "title": "The Godfather II",
          "category": "favourites"
        },
        {
          "title": "Scarface",
          "category": "pending"
        },
        {
          "title": "Gangster Squad",
          "category": "not-recomended"
        }
      ]
    },
    {
      "id": "2",
      "name": "maria",
      "password": "123",
      "movies": [
        {
          "title": "Star Wars IV",
          "category": "favourites"
        },
        {
          "title": "Star Wars V",
          "category": "pending"
        },
        {
          "title": "star trek",
          "category": "not-recomended"
        }
      ]
    }
  ]
}